BEGIN;

-- Truncate tables to remove existing data
TRUNCATE TABLE don_customizes RESTART IDENTITY CASCADE;
TRUNCATE TABLE customize_prices RESTART IDENTITY CASCADE;
TRUNCATE TABLE customizes RESTART IDENTITY CASCADE;
TRUNCATE TABLE dons RESTART IDENTITY CASCADE;
TRUNCATE TABLE orders RESTART IDENTITY CASCADE;

-- Insert customizes master data
INSERT INTO customizes (id, label, available) VALUES
  ('550e8400-e29b-41d4-a716-446655440001', '小サイズ', true),
  ('550e8400-e29b-41d4-a716-446655440002', '中サイズ', true),
  ('550e8400-e29b-41d4-a716-446655440003', '大サイズ', true),
  ('550e8400-e29b-41d4-a716-446655440004', 'マヨ', true),
  -- falseもサンプルに入れておく
  ('550e8400-e29b-41d4-a716-446655440005', 'レモン汁', false),
  ('550e8400-e29b-41d4-a716-446655440006', 'カレー粉', true),
  ('550e8400-e29b-41d4-a716-446655440007', 'コショウ', true),
  ('550e8400-e29b-41d4-a716-446655440008', 'フライドオニオン', true);

INSERT INTO customize_prices (customize_id, price, since) VALUES
  ('550e8400-e29b-41d4-a716-446655440001', 400, '2024-10-30 00:00:00+09'),
  ('550e8400-e29b-41d4-a716-446655440002', 500, '2024-10-30 00:00:00+09'),
  ('550e8400-e29b-41d4-a716-446655440003', 600, '2024-10-30 00:00:00+09'),
  ('550e8400-e29b-41d4-a716-446655440004', 20, '2024-10-30 00:00:00+09'),
  ('550e8400-e29b-41d4-a716-446655440005', 20, '2024-10-30 00:00:00+09'),
  ('550e8400-e29b-41d4-a716-446655440006', 20, '2024-10-30 00:00:00+09'),
  ('550e8400-e29b-41d4-a716-446655440007', 20, '2024-10-30 00:00:00+09'),
  ('550e8400-e29b-41d4-a716-446655440008', 20, '2024-10-30 00:00:00+09'),
  -- 更新した想定のデータ
  ('550e8400-e29b-41d4-a716-446655440004', 50, '2025-07-01 00:00:00+09'),
  ('550e8400-e29b-41d4-a716-446655440005', 50, '2025-07-01 00:00:00+09'),
  ('550e8400-e29b-41d4-a716-446655440006', 50, '2025-07-01 00:00:00+09'),
  ('550e8400-e29b-41d4-a716-446655440007', 50, '2025-07-01 00:00:00+09'),
  ('550e8400-e29b-41d4-a716-446655440008', 50, '2025-07-01 00:00:00+09');


-- Insert example data
INSERT INTO orders (id, num_sns_followed, create_datetime, call_num) VALUES
  ('550e8400-e29b-41d4-a716-446655440011', 0, '2024-12-01 10:23:54+09', 1),
  ('550e8400-e29b-41d4-a716-446655440012', 1, '2025-07-02 10:26:30+09', 2),
  ('550e8400-e29b-41d4-a716-446655440013', 0, '2025-10-01 10:28:45+09', 4);

INSERT INTO dons (id, order_id, status, create_datetime, update_datetime) VALUES
  ('550e8400-e29b-41d4-a716-446655440021', '550e8400-e29b-41d4-a716-446655440011', 1, '2023-10-19 10:23:54+09', '2023-10-19 10:23:54+09'),
  ('550e8400-e29b-41d4-a716-446655440022', '550e8400-e29b-41d4-a716-446655440012', 1, '2023-10-19 10:26:30+09', '2023-10-19 10:26:30+09'),
  ('550e8400-e29b-41d4-a716-446655440023', '550e8400-e29b-41d4-a716-446655440012', 1, '2023-10-19 10:26:30+09', '2023-10-19 10:26:30+09'),
  ('550e8400-e29b-41d4-a716-446655440024', '550e8400-e29b-41d4-a716-446655440013', 1, '2023-10-19 10:28:45+09', '2023-10-19 10:28:45+09');

INSERT INTO don_customizes (don_id, customize_id, amount) VALUES
  ('550e8400-e29b-41d4-a716-446655440022', '550e8400-e29b-41d4-a716-446655440001', 1),
  ('550e8400-e29b-41d4-a716-446655440022', '550e8400-e29b-41d4-a716-446655440002', 1),
  ('550e8400-e29b-41d4-a716-446655440024', '550e8400-e29b-41d4-a716-446655440004', 1);

COMMIT;
